Meeting.Topic,Start.Time,End.Time,Duration..Minutes.,Participants,Venue
Water,2024-01-12 17:30:59,01/12/2024 05:41:48 PM,11,2,Djibouti
Water,2024-01-12 10:03:45,01/12/2024 12:38:40 PM,155,9,London
Water,2023-01-26 18:58:09,01/26/2023 08:30:16 PM,93,16,Tonopah
Water,2023-02-02 18:57:19,02/02/2023 09:00:02 PM,123,10,Krishnangiri
Water,2023-02-09 18:59:16,02/09/2023 08:39:32 PM,101,8,Perth
Water,2023-02-14 18:59:22,02/14/2023 08:52:27 PM,114,11,Tonopah
Water,2023-02-21 19:01:48,02/21/2023 08:46:10 PM,105,10,London
Water,2023-03-02 18:38:13,03/02/2023 06:43:19 PM,6,5,Jakarta
Water,2023-03-02 19:01:04,03/02/2023 08:36:54 PM,96,8,Djibouti
Water,2023-03-09 19:01:10,03/09/2023 08:59:07 PM,118,7,Calgary
Water,2023-03-16 19:00:28,03/16/2023 08:57:18 PM,117,9,Tonopah
Water,2023-03-23 19:00:56,03/23/2023 08:51:59 PM,112,9,Mainz
Water,2023-03-30 19:02:20,03/30/2023 08:48:08 PM,106,7,Peru
Water,2023-04-13 19:02:30,04/13/2023 08:28:46 PM,87,7,Krishnangiri
Water,2023-06-27 22:05:35,06/27/2023 10:42:52 PM,38,2,Calgary
Water,2023-07-03 18:34:01,07/03/2023 07:25:06 PM,52,2,Perth
Water,2023-08-01 09:09:39,08/01/2023 09:57:28 AM,48,32,London
Water,2023-08-04 13:55:08,08/04/2023 03:57:26 PM,123,13,Sunderbans
Water,2023-08-08 08:47:03,08/08/2023 10:33:31 AM,107,36,Peru
Water,2023-08-11 14:00:09,08/11/2023 03:22:24 PM,83,25,Jakarta
Water,2023-08-18 13:58:14,08/18/2023 03:17:30 PM,80,25,Mainz
Water,2023-08-18 09:51:26,08/18/2023 10:52:10 AM,61,31,Tonopah
Water,2023-08-22 08:53:42,08/22/2023 10:18:26 AM,85,25,Perth
Water,2023-08-25 14:01:02,08/25/2023 03:13:44 PM,73,17,Tonopah
Water,2023-08-25 10:01:51,08/25/2023 11:04:35 AM,63,9,Peru
Water,2023-09-01 10:03:01,09/01/2023 10:56:04 AM,54,4,London
Water,2023-09-05 08:54:34,09/05/2023 10:24:06 AM,90,46,Krishnangiri
Water,2023-09-08 13:53:32,09/08/2023 03:17:58 PM,85,6,Calgary
Water,2023-09-08 09:59:08,09/08/2023 11:04:02 AM,65,5,Jakarta
Water,2023-09-12 09:15:30,09/12/2023 10:19:02 AM,64,12,Peru
Water,2023-09-15 13:37:27,09/15/2023 02:53:41 PM,77,5,Perth
Water,2023-09-26 09:20:04,09/26/2023 10:40:36 AM,81,39,Djibouti
Water,2023-10-03 09:22:21,10/03/2023 11:19:09 AM,117,31,Tonopah
Water,2023-10-06 13:59:36,10/06/2023 03:10:55 PM,72,7,Mainz
Water,2023-10-06 10:01:51,10/06/2023 11:02:53 AM,62,4,Calgary
Water,2023-10-10 09:23:22,10/10/2023 10:48:16 AM,85,16,Tonopah
Water,2023-10-13 13:57:09,10/13/2023 03:13:58 PM,77,10,Sunderbans
Water,2023-10-13 10:01:11,10/13/2023 11:01:31 AM,61,6,Djibouti
Water,2023-10-27 14:29:33,10/27/2023 03:22:58 PM,54,21,London
Water,2023-10-27 09:52:42,10/27/2023 11:06:27 AM,74,6,Krishnangiri
Water,2023-10-31 09:19:48,10/31/2023 10:43:25 AM,84,80,Krishnangiri
Air,2023-01-02 16:01:28,01/02/2023 04:13:13 PM,12,2,London
Air,2023-01-02 16:01:28,01/02/2023 04:13:13 PM,12,2,Krishnangiri
Air,2023-01-04 21:26:28,01/04/2023 09:35:42 PM,10,2,Perth
Air,2023-01-06 21:12:45,01/06/2023 09:39:32 PM,27,2,Peru
Air,2023-01-07 16:32:46,01/07/2023 04:43:12 PM,11,2,Mainz
Air,2023-01-09 17:37:37,01/09/2023 05:48:24 PM,11,2,Tonopah
Air,2023-01-09 20:02:40,01/09/2023 08:04:17 PM,2,2,Krishnangiri
Air,2023-01-11 20:31:00,01/11/2023 09:27:43 PM,57,3,London
Air,2024-01-11 14:30:10,01/11/2024 02:36:11 PM,7,3,Sunderbans
Air,2023-01-12 11:05:23,01/12/2023 11:13:51 AM,9,3,Peru
Air,2023-01-23 20:31:29,01/23/2023 08:40:43 PM,10,2,Tonopah
Air,2023-01-29 20:31:01,01/29/2023 09:15:47 PM,45,3,London
Air,2023-02-06 15:01:43,02/06/2023 03:09:42 PM,8,2,Jakarta
Air,2023-02-09 18:47:27,02/09/2023 06:58:58 PM,12,2,Djibouti
Air,2023-02-09 08:03:40,02/09/2023 08:18:59 AM,16,3,Krishnangiri
Air,2023-02-11 19:30:30,02/11/2023 08:27:07 PM,57,3,Perth
Air,2023-02-20 16:59:24,02/20/2023 05:11:47 PM,13,2,London
Air,2023-02-22 15:36:14,02/22/2023 04:48:09 PM,72,2,Djibouti
Air,2023-02-24 11:11:37,02/24/2023 11:18:29 AM,7,2,Djibouti
Air,2023-03-03 17:00:02,03/03/2023 05:03:11 PM,4,3,London
Air,2023-03-03 17:03:32,03/03/2023 05:23:11 PM,20,2,London
Air,2023-03-06 21:16:18,03/06/2023 09:31:08 PM,15,3,Peru
Air,2023-03-08 20:00:34,03/08/2023 08:35:31 PM,35,2,Tonopah
Air,2023-03-20 08:55:25,03/20/2023 09:10:28 AM,16,2,Jakarta
Air,2023-03-24 17:57:37,03/24/2023 06:16:12 PM,19,2,Tonopah
Air,2023-03-29 21:50:52,03/29/2023 09:55:56 PM,6,2,Djibouti
Air,2023-03-29 21:57:41,03/29/2023 10:17:21 PM,20,2,Sunderbans
Air,2023-03-30 17:14:35,03/30/2023 05:23:33 PM,9,2,Jakarta
Air,2023-04-01 21:33:37,04/01/2023 10:27:25 PM,54,3,Krishnangiri
Air,2023-04-03 15:03:42,04/03/2023 03:41:07 PM,38,2,Djibouti
Air,2023-04-04 16:22:01,04/04/2023 04:38:03 PM,17,2,London
Air,2023-04-06 15:17:46,04/06/2023 03:26:24 PM,9,2,Sunderbans
Air,2023-04-12 16:05:24,04/12/2023 04:53:59 PM,49,2,Calgary
Air,2023-04-13 13:31:39,04/13/2023 01:40:46 PM,10,2,Krishnangiri
Air,2023-04-17 16:02:08,04/17/2023 04:25:31 PM,24,2,Krishnangiri
Air,2023-04-17 09:29:35,04/17/2023 09:39:00 AM,10,2,Djibouti
Air,2023-04-19 11:30:56,04/19/2023 11:36:52 AM,6,2,Sunderbans
Air,2023-04-24 22:03:07,04/24/2023 10:18:38 PM,16,2,Jakarta
Air,2023-04-24 10:59:57,04/24/2023 11:27:07 AM,28,4,Tonopah
Air,2023-05-04 16:12:27,05/04/2023 04:26:52 PM,15,2,Peru
Air,2023-05-09 16:01:05,05/09/2023 04:42:22 PM,42,2,Krishnangiri
Air,2023-05-09 11:02:11,05/09/2023 11:25:12 AM,24,3,Djibouti
Air,2023-05-25 14:28:54,05/25/2023 02:47:14 PM,19,2,Peru
Air,2023-06-06 18:34:45,06/06/2023 06:42:57 PM,9,2,Calgary
Air,2023-06-15 16:01:27,06/15/2023 04:39:58 PM,39,4,Sunderbans
Air,2023-06-15 21:01:28,06/15/2023 09:41:41 PM,41,3,Jakarta
Air,2023-06-15 09:59:26,06/15/2023 10:47:29 AM,49,3,Peru
Air,2023-06-20 16:03:35,06/20/2023 04:22:47 PM,20,2,Perth
Air,2023-06-20 09:30:16,06/20/2023 09:39:20 AM,10,5,Djibouti
Air,2023-06-21 06:45:51,06/21/2023 07:50:08 AM,65,2,Djibouti
Air,2023-06-21 12:28:50,06/21/2023 12:52:44 PM,24,2,Krishnangiri
Air,2023-06-22 15:02:33,06/22/2023 03:48:47 PM,47,2,Perth
Air,2023-06-28 09:30:03,06/28/2023 09:58:01 AM,28,2,London
Air,2023-07-06 18:56:32,07/06/2023 07:06:00 PM,10,2,Perth
Air,2023-07-08 10:23:43,07/08/2023 11:13:19 AM,50,2,Krishnangiri
Air,2023-08-18 21:30:47,08/18/2023 09:43:45 PM,13,2,Calgary
Air,2023-09-10 23:27:12,09/11/2023 12:54:10 AM,87,3,London
Air,2023-12-10 21:59:20,12/10/2023 11:35:32 PM,97,8,Perth
Air,2023-12-15 15:30:03,12/15/2023 04:20:58 PM,51,2,Calgary
Air,2023-12-15 17:08:59,12/15/2023 05:27:54 PM,19,2,Djibouti
Air,2023-12-21 14:00:51,12/21/2023 02:09:02 PM,9,3,Calgary
Air,2023-12-29 14:07:50,12/29/2023 02:25:44 PM,18,2,London
Air,2023-01-04 23:19:45,01/04/2023 11:27:23 PM,8,2,Tonopah
Water,2023-01-06 22:37:42,01/06/2023 11:05:03 PM,28,2,Jakarta
Water,2023-01-06 23:05:04,01/06/2023 11:52:40 PM,48,2,Jakarta
Water,2023-01-11 07:04:17,01/11/2023 09:39:07 AM,155,2,Peru
Water,2023-01-16 08:24:06,01/16/2023 09:19:19 AM,56,4,Calgary
Water,2023-01-17 21:56:53,01/17/2023 10:42:33 PM,46,2,London
Water,2023-01-18 08:17:23,01/18/2023 09:11:44 AM,55,3,London
Water,2023-01-19 06:29:36,01/19/2023 08:01:13 AM,92,2,Calgary
Water,2023-01-20 22:27:40,01/20/2023 11:09:14 PM,42,2,Mainz
Water,2023-01-24 07:37:40,01/24/2023 08:37:58 AM,61,2,Krishnangiri
Water,2023-01-27 07:14:26,01/27/2023 08:46:36 AM,93,4,Calgary
Water,2023-01-27 23:29:54,01/28/2023 12:03:59 AM,35,3,Peru
Water,2023-02-03 22:26:59,02/03/2023 11:03:00 PM,37,4,Mainz
Water,2023-02-06 23:43:15,02/07/2023 01:00:12 AM,77,3,Djibouti
Water,2023-02-07 10:34:09,02/07/2023 11:42:23 AM,69,3,Perth
Water,2023-02-13 23:34:01,02/14/2023 12:45:05 AM,72,3,Perth
Water,2023-02-21 22:31:05,02/22/2023 12:16:42 AM,106,4,Sunderbans
Water,2023-02-23 10:37:08,02/23/2023 12:43:27 PM,127,3,Perth
Water,2023-03-02 07:36:37,03/02/2023 09:24:06 AM,108,4,Calgary
Water,2023-03-06 23:29:08,03/07/2023 01:21:09 AM,113,3,Krishnangiri
Water,2023-03-09 08:33:12,03/09/2023 10:45:18 AM,133,2,Krishnangiri
Water,2023-03-13 22:32:52,03/13/2023 11:58:49 PM,86,2,London
Water,2023-03-16 07:34:52,03/16/2023 09:01:02 AM,87,3,Peru
Water,2023-03-17 00:51:29,03/17/2023 01:58:41 AM,68,2,Krishnangiri
Water,2023-03-18 23:47:59,03/19/2023 01:45:10 AM,118,3,Krishnangiri
Water,2023-03-20 23:00:44,03/21/2023 01:18:50 AM,139,4,Mainz
Water,2023-03-23 07:29:41,03/23/2023 08:45:22 AM,76,2,Calgary
Water,2023-03-26 23:12:08,03/27/2023 12:24:21 AM,73,4,Jakarta
Water,2023-03-27 22:32:21,03/27/2023 11:47:42 PM,76,3,Jakarta
Water,2023-03-28 05:21:43,03/28/2023 06:17:53 AM,57,3,London
Water,2023-03-31 22:12:48,03/31/2023 11:02:34 PM,50,3,Sunderbans
Water,2023-03-31 00:35:09,03/31/2023 01:32:07 AM,57,2,Peru
Water,2023-04-02 22:39:42,04/03/2023 01:35:30 AM,176,5,Calgary
Water,2023-04-03 23:21:07,04/04/2023 02:02:40 AM,162,5,Djibouti
Water,2023-04-06 10:02:06,04/06/2023 11:32:03 AM,90,7,Sunderbans
Fire,2023-04-10 22:36:15,04/10/2023 11:56:33 PM,81,2,Peru
Fire,2023-04-12 07:57:20,04/12/2023 09:23:53 AM,87,3,Djibouti
Fire,2023-04-17 07:45:06,04/17/2023 09:16:03 AM,91,2,Peru
Fire,2023-04-17 22:35:28,04/18/2023 12:18:01 AM,103,3,Djibouti
Fire,2023-04-20 23:35:37,04/21/2023 12:43:49 AM,69,2,Sunderbans
Fire,2023-04-23 07:48:50,04/23/2023 09:47:57 AM,120,2,Jakarta
Fire,2023-04-24 22:30:04,04/25/2023 12:06:54 AM,97,2,Tonopah
Fire,2023-04-28 09:01:15,04/28/2023 11:43:28 AM,163,5,Djibouti
Fire,2023-05-01 22:25:45,05/02/2023 12:37:29 AM,132,4,Krishnangiri
Fire,2023-05-04 23:36:27,05/05/2023 01:31:06 AM,115,3,Djibouti
Fire,2023-05-20 22:25:03,05/21/2023 12:15:22 AM,111,2,Jakarta
Fire,2023-11-05 08:37:09,11/05/2023 10:16:48 AM,100,2,Perth
Fire,2023-01-30 23:30:46,01/31/2023 01:30:42 AM,120,4,Tonopah
Fire,2023-02-01 23:38:23,02/02/2023 12:59:19 AM,81,3,Krishnangiri
Fire,2024-01-08 23:28:26,01/09/2024 12:22:55 AM,55,4,Mainz
Fire,2024-01-08 00:09:37,01/08/2024 02:04:05 AM,115,4,Djibouti
Fire,2024-01-09 23:24:54,01/10/2024 02:04:38 AM,160,5,Calgary
Fire,2024-01-10 21:32:08,01/11/2024 12:46:01 AM,194,4,Djibouti
Fire,2024-01-11 23:29:34,01/12/2024 01:13:03 AM,104,4,Sunderbans
Fire,2024-01-13 08:47:05,01/13/2024 09:51:08 AM,65,4,Calgary
Fire,2024-01-13 09:55:26,01/13/2024 10:46:55 AM,52,4,Perth
Fire,2023-02-06 23:32:59,02/06/2023 11:43:00 PM,11,2,Djibouti
Fire,2023-05-08 22:33:49,05/09/2023 12:52:03 AM,139,6,Krishnangiri
Fire,2023-05-11 23:38:24,05/12/2023 01:20:29 AM,103,6,Perth
Fire,2023-05-14 08:38:26,05/14/2023 10:11:13 AM,93,3,Tonopah
Fire,2023-05-15 22:36:37,05/16/2023 12:28:41 AM,113,3,Sunderbans
Fire,2023-05-18 23:34:20,05/19/2023 12:40:23 AM,67,4,Tonopah
Fire,2023-05-22 22:37:16,05/23/2023 12:41:49 AM,125,3,Djibouti
Fire,2023-05-25 22:32:37,05/25/2023 11:50:32 PM,78,2,Perth
Fire,2023-05-29 22:32:50,05/30/2023 12:04:38 AM,92,3,Perth
Fire,2023-06-01 23:40:26,06/02/2023 01:35:09 AM,115,3,Djibouti
Fire,2023-06-02 06:38:40,06/02/2023 08:05:30 AM,87,2,Sunderbans
Fire,2023-06-04 07:31:32,06/04/2023 10:13:31 AM,162,3,Jakarta
Fire,2023-06-06 06:20:23,06/06/2023 08:17:13 AM,117,3,Sunderbans
Fire,2023-06-12 22:38:33,06/13/2023 12:19:54 AM,102,3,Jakarta
Fire,2023-06-12 11:12:24,06/12/2023 11:26:54 AM,15,3,Sunderbans
Fire,2023-06-15 07:14:25,06/15/2023 09:47:02 AM,153,4,Sunderbans
Fire,2023-06-18 07:26:00,06/18/2023 09:32:36 AM,127,3,Calgary
Fire,2023-06-19 22:31:33,06/20/2023 01:06:52 AM,156,2,Tonopah
Fire,2023-06-20 10:28:20,06/20/2023 12:22:57 PM,115,4,Tonopah
Fire,2023-06-22 07:58:02,06/22/2023 08:09:33 AM,12,6,London
Fire,2023-06-22 08:14:30,06/22/2023 09:59:50 AM,106,3,Calgary
Fire,2023-06-22 23:39:18,06/23/2023 01:52:55 AM,134,3,Djibouti
Fire,2023-06-28 01:36:08,06/28/2023 01:43:19 AM,8,2,Peru
Fire,2023-07-08 08:58:21,07/08/2023 10:21:58 AM,84,4,Calgary
Fire,2023-07-16 03:11:11,07/16/2023 03:51:49 AM,41,3,Tonopah
Fire,2023-07-16 03:52:10,07/16/2023 04:29:43 AM,38,3,London
Fire,2023-07-16 23:02:34,07/16/2023 11:43:13 PM,41,2,London
Fire,2023-07-16 23:43:42,07/17/2023 12:27:03 AM,44,4,Sunderbans
Fire,2023-07-17 13:03:12,07/17/2023 01:34:37 PM,32,2,Perth
Fire,2023-07-17 00:27:13,07/17/2023 12:56:59 AM,30,3,Sunderbans
Fire,2023-07-17 12:29:00,07/17/2023 01:02:44 PM,34,2,Sunderbans
Fire,2023-07-18 07:56:11,07/18/2023 12:17:26 PM,262,4,Jakarta
Fire,2023-07-19 08:17:48,07/19/2023 08:46:42 AM,29,5,Djibouti
Fire,2023-07-19 09:36:51,07/19/2023 10:10:45 AM,34,3,Djibouti
Fire,2023-07-20 08:21:30,07/20/2023 09:37:02 AM,76,3,Peru
Fire,2023-07-20 11:00:29,07/20/2023 12:27:46 PM,88,4,London
Fire,2023-07-21 07:00:51,07/21/2023 09:27:14 AM,147,5,London
Fire,2023-07-22 08:06:57,07/22/2023 10:20:11 AM,134,3,Jakarta
Fire,2023-07-22 22:30:22,07/22/2023 11:45:49 PM,76,4,London
Fire,2023-07-23 07:25:25,07/23/2023 10:51:24 AM,206,5,Peru
Fire,2023-07-23 22:33:56,07/24/2023 12:20:42 AM,107,3,London
Air,2023-07-24 06:54:21,07/24/2023 06:57:04 AM,3,2,Peru
Air,2023-07-24 08:28:29,07/24/2023 11:32:08 AM,184,3,Jakarta
Air,2023-07-24 22:32:57,07/25/2023 01:21:26 AM,169,4,Calgary
Air,2023-07-25 07:47:32,07/25/2023 10:10:08 AM,143,5,Djibouti
Air,2023-07-25 11:13:47,07/25/2023 01:39:56 PM,147,4,Peru
Air,2023-07-25 23:59:41,07/26/2023 12:56:59 AM,58,4,Krishnangiri
Air,2023-07-26 21:32:24,07/27/2023 01:02:27 AM,211,5,Mainz
Air,2023-07-27 07:27:11,07/27/2023 10:00:48 AM,154,4,Sunderbans
Air,2023-07-27 22:28:08,07/28/2023 01:40:45 AM,193,4,Krishnangiri
Air,2023-07-27 11:03:38,07/27/2023 11:16:36 AM,13,3,London
Air,2023-07-28 20:33:05,07/29/2023 12:55:53 AM,263,5,Peru
Air,2023-07-28 08:59:48,07/28/2023 11:32:57 AM,154,3,Jakarta
Air,2023-07-29 08:33:06,07/29/2023 09:20:22 AM,48,5,Calgary
Air,2023-07-29 09:35:42,07/29/2023 10:40:13 AM,65,4,Peru
Air,2023-07-30 07:16:50,07/30/2023 09:22:15 AM,126,3,Jakarta
Air,2023-07-30 22:43:22,07/31/2023 12:48:02 AM,125,4,Peru
Air,2023-07-31 08:30:37,07/31/2023 10:29:27 AM,119,4,Mainz
Air,2023-07-31 21:35:32,08/01/2023 12:04:15 AM,149,4,Tonopah
Air,2023-08-01 08:03:20,08/01/2023 08:46:31 AM,44,8,London
Air,2023-08-01 21:13:32,08/01/2023 09:52:19 PM,39,4,Jakarta
Air,2023-08-01 10:37:00,08/01/2023 02:02:15 PM,206,5,Sunderbans
Air,2023-08-02 10:31:31,08/02/2023 01:32:50 PM,182,4,Perth
Air,2023-08-02 22:36:48,08/03/2023 01:01:59 AM,146,4,Peru
Air,2023-08-03 08:15:55,08/03/2023 08:25:04 AM,10,2,Jakarta
Air,2023-08-03 21:01:58,08/03/2023 10:11:41 PM,70,6,Jakarta
Air,2023-08-03 09:02:03,08/03/2023 10:52:06 AM,111,5,Krishnangiri
Air,2023-08-03 23:35:14,08/04/2023 01:42:27 AM,128,3,Jakarta
Air,2023-08-03 11:54:36,08/03/2023 01:06:43 PM,73,4,Mainz
Air,2023-08-04 07:19:08,08/04/2023 08:04:02 AM,45,3,Krishnangiri
Air,2023-08-04 08:18:01,08/04/2023 10:54:44 AM,157,6,Calgary
Air,2023-08-04 21:59:55,08/05/2023 12:22:40 AM,143,3,Djibouti
Air,2023-08-05 05:36:49,08/05/2023 08:04:51 AM,149,5,London
Air,2023-08-05 09:04:16,08/05/2023 10:06:36 AM,63,3,Calgary
Air,2023-08-05 10:47:28,08/05/2023 10:56:22 AM,9,2,Mainz
Air,2023-08-06 19:31:37,08/06/2023 11:42:06 PM,251,4,Mainz
Air,2023-08-07 22:13:19,08/08/2023 12:25:16 AM,132,3,Perth
Air,2023-08-08 10:49:20,08/08/2023 02:06:52 PM,198,6,Sunderbans
Air,2023-08-08 23:41:49,08/09/2023 12:53:25 AM,72,4,Krishnangiri
Air,2023-08-09 08:34:55,08/09/2023 01:09:38 PM,275,5,Sunderbans
Air,2023-08-15 06:54:51,08/15/2023 08:19:11 AM,85,3,Calgary
Air,2023-08-17 21:05:58,08/17/2023 10:10:12 PM,65,2,Djibouti
Air,2023-08-19 21:20:52,08/19/2023 10:43:48 PM,83,3,London
Air,2023-08-19 22:45:48,08/19/2023 10:58:49 PM,14,2,Tonopah
Air,2023-08-21 22:05:22,08/21/2023 10:56:43 PM,52,3,Perth
Air,2023-08-22 00:08:32,08/22/2023 12:34:12 AM,26,2,Tonopah
Air,2023-08-25 22:28:28,08/25/2023 11:25:35 PM,58,4,Jakarta
Air,2023-08-30 11:09:14,08/30/2023 12:27:36 PM,79,2,Mainz
Air,2023-09-08 00:14:24,09/08/2023 12:44:23 AM,30,3,Mainz
Air,2023-09-14 06:55:11,09/14/2023 08:34:08 AM,99,2,Mainz
Air,2023-09-22 08:47:07,09/22/2023 09:45:45 AM,59,2,Peru
Air,2023-09-26 06:55:57,09/26/2023 09:16:59 AM,142,3,Djibouti
Air,2023-09-28 08:10:58,09/28/2023 10:12:08 AM,122,5,Sunderbans
Air,2023-10-03 07:05:06,10/03/2023 09:15:38 AM,131,6,Krishnangiri
Air,2023-10-03 23:49:23,10/04/2023 12:25:08 AM,36,2,Peru
Air,2023-10-05 09:50:24,10/05/2023 10:31:27 AM,42,3,Tonopah
Air,2023-10-06 11:04:09,10/06/2023 12:23:48 PM,80,4,Peru
Air,2023-10-07 22:29:51,10/07/2023 10:48:41 PM,19,4,Sunderbans
Air,2023-10-07 22:59:02,10/08/2023 01:21:27 AM,143,4,Calgary
Air,2023-10-08 22:24:53,10/09/2023 12:26:17 AM,122,3,Djibouti
Air,2023-10-09 22:25:05,10/09/2023 10:29:31 PM,5,2,Calgary
Air,2023-10-09 22:30:06,10/10/2023 01:37:54 AM,188,3,Peru
Air,2023-10-10 08:09:09,10/10/2023 09:17:32 AM,69,3,Krishnangiri
Air,2023-10-10 10:58:26,10/10/2023 12:42:54 PM,105,4,Mainz
Air,2023-10-24 07:29:55,10/24/2023 09:08:56 AM,100,3,London
Air,2023-10-25 21:30:43,10/25/2023 11:13:58 PM,104,2,Peru
Air,2023-10-31 07:42:38,10/31/2023 08:24:47 AM,43,4,Mainz
Earth,2023-11-01 21:31:08,11/01/2023 11:14:44 PM,104,4,Djibouti
Earth,2023-11-07 07:57:09,11/07/2023 09:07:21 AM,71,4,Calgary
Earth,2023-11-07 11:02:29,11/07/2023 11:34:37 AM,33,3,Calgary
Earth,2023-11-08 22:27:32,11/09/2023 12:17:24 AM,110,3,Perth
Earth,2023-11-13 22:26:18,11/14/2023 12:03:30 AM,98,7,Sunderbans
Earth,2023-11-19 22:28:16,11/19/2023 10:28:59 PM,1,2,Sunderbans
Earth,2023-11-19 22:54:54,11/20/2023 12:54:29 AM,120,6,Calgary
Earth,2023-11-20 22:36:28,11/20/2023 11:34:26 PM,58,3,Djibouti
Earth,2023-11-28 06:29:10,11/28/2023 07:29:59 AM,61,2,Peru
Earth,2023-11-29 22:54:26,11/29/2023 11:05:38 PM,12,4,Calgary
Earth,2023-11-29 23:05:53,11/30/2023 12:21:46 AM,76,3,Djibouti
Earth,2023-12-01 08:38:35,12/01/2023 08:41:42 AM,4,2,Krishnangiri
Earth,2023-12-05 09:32:55,12/05/2023 11:45:27 AM,133,4,Sunderbans
Earth,2023-12-06 21:24:56,12/06/2023 11:01:26 PM,97,4,Krishnangiri
Earth,2023-12-08 06:34:00,12/08/2023 08:17:13 AM,104,4,Peru
Earth,2023-12-08 11:53:10,12/08/2023 01:28:22 PM,96,5,Krishnangiri
Earth,2023-12-09 07:57:58,12/09/2023 09:05:19 AM,68,2,Tonopah
Earth,2023-12-09 12:20:39,12/09/2023 01:18:36 PM,58,4,Krishnangiri
Earth,2023-12-12 08:26:22,12/12/2023 10:19:39 AM,114,6,Peru
Earth,2024-01-02 17:14:53,01/02/2024 05:23:37 PM,9,3,Jakarta
Earth,2023-01-09 20:04:39,01/09/2023 08:35:30 PM,31,4,Perth
Earth,2023-01-11 16:31:44,01/11/2023 04:33:46 PM,3,2,Tonopah
Earth,2023-01-11 20:02:53,01/11/2023 08:05:34 PM,3,2,Peru
Earth,2023-01-14 15:53:13,01/14/2023 04:16:25 PM,24,2,Mainz
Earth,2023-01-16 09:19:36,01/16/2023 09:26:23 AM,7,2,Djibouti
Earth,2023-01-18 16:56:32,01/18/2023 05:24:38 PM,29,3,Perth
Earth,2023-01-18 07:08:01,01/18/2023 07:11:11 AM,4,2,Jakarta
Earth,2023-01-18 09:29:58,01/18/2023 10:00:06 AM,31,2,Peru
Earth,2023-01-18 10:01:38,01/18/2023 10:11:56 AM,11,2,London
Earth,2023-01-18 10:45:09,01/18/2023 11:21:15 AM,37,3,Peru
Earth,2023-01-23 08:53:31,01/23/2023 09:44:01 AM,51,2,Calgary
Earth,2023-01-23 09:58:13,01/23/2023 10:22:20 AM,25,3,Jakarta
Earth,2023-01-26 18:08:41,01/26/2023 06:30:05 PM,22,2,Jakarta
Earth,2023-02-03 15:09:14,02/03/2023 03:55:31 PM,47,2,London
Earth,2023-02-06 21:02:09,02/06/2023 09:53:31 PM,52,2,Peru
Earth,2023-02-06 11:01:02,02/06/2023 11:09:27 AM,9,2,Tonopah
Earth,2023-02-06 11:29:11,02/06/2023 11:39:31 AM,11,2,Krishnangiri
Earth,2023-02-11 06:26:36,02/11/2023 06:43:35 AM,17,2,Perth
Earth,2023-02-17 08:21:50,02/17/2023 08:40:11 AM,19,2,London
Earth,2023-02-20 20:33:34,02/20/2023 09:25:05 PM,52,2,Djibouti
Earth,2023-03-06 17:19:22,03/06/2023 05:40:46 PM,22,2,Calgary
Earth,2023-03-09 15:03:58,03/09/2023 03:50:22 PM,47,2,Sunderbans
Earth,2023-03-10 16:12:40,03/10/2023 04:15:47 PM,4,2,Mainz
Earth,2023-03-10 16:19:49,03/10/2023 04:24:03 PM,5,2,London
Earth,2023-03-16 09:08:12,03/16/2023 09:39:53 AM,32,2,London
Earth,2023-03-28 06:48:06,03/28/2023 06:49:43 AM,2,2,Peru
Earth,2023-03-28 06:50:05,03/28/2023 06:50:53 AM,1,2,Calgary
Earth,2023-03-28 07:33:07,03/28/2023 08:04:16 AM,32,4,Mainz
Earth,2023-03-28 21:40:57,03/28/2023 10:05:18 PM,25,4,Perth
Earth,2023-04-02 21:33:34,04/02/2023 09:38:42 PM,6,2,Calgary
Earth,2023-04-03 09:31:46,04/03/2023 09:34:19 AM,3,2,Krishnangiri
Earth,2023-04-03 09:34:20,04/03/2023 09:49:13 AM,15,2,Sunderbans
Earth,2023-04-04 08:16:16,04/04/2023 08:23:22 AM,8,2,Jakarta
Earth,2023-04-06 15:50:10,04/06/2023 05:08:34 PM,79,6,Tonopah
Fire,2023-04-12 07:35:29,04/12/2023 07:52:48 AM,18,2,Perth
Fire,2023-04-17 14:48:01,04/17/2023 02:57:03 PM,10,2,Calgary
Fire,2023-04-17 21:00:33,04/17/2023 09:28:37 PM,29,2,Djibouti
Fire,2023-04-18 15:58:07,04/18/2023 03:59:11 PM,2,2,Djibouti
Fire,2023-04-18 15:59:18,04/18/2023 04:11:45 PM,13,2,Krishnangiri
Fire,2023-04-18 16:19:22,04/18/2023 05:47:44 PM,89,2,London
Fire,2023-04-18 08:35:53,04/18/2023 08:48:37 AM,13,2,Peru
Fire,2023-04-18 00:18:02,04/18/2023 01:03:02 AM,45,2,Calgary
Fire,2023-05-01 09:59:58,05/01/2023 10:35:04 AM,36,2,Krishnangiri
Fire,2023-05-02 09:15:06,05/02/2023 10:02:38 AM,48,2,Tonopah
Fire,2023-05-02 10:29:58,05/02/2023 10:32:36 AM,3,2,Peru
Fire,2023-05-05 09:32:11,05/05/2023 09:59:29 AM,28,2,Mainz
Fire,2023-05-11 15:01:39,05/11/2023 03:17:16 PM,16,2,London
Fire,2023-05-11 23:27:33,05/11/2023 11:38:19 PM,11,2,Mainz
Fire,2023-05-14 12:52:33,05/14/2023 12:56:33 PM,5,2,Perth
Fire,2023-05-15 09:04:11,05/15/2023 09:41:47 AM,32,2,Krishnangiri
Fire,2023-05-16 16:02:11,05/16/2023 04:30:33 PM,29,2,Calgary
Fire,2023-05-16 09:00:52,05/16/2023 09:17:38 AM,17,2,Perth
Fire,2023-05-16 00:34:16,05/16/2023 12:37:46 AM,4,2,Perth
Fire,2023-05-17 11:04:18,05/17/2023 11:25:01 AM,21,2,Peru
Fire,2023-05-18 22:12:37,05/18/2023 10:17:30 PM,5,4,Krishnangiri
Fire,2023-05-18 11:14:23,05/18/2023 11:30:37 AM,17,2,Tonopah
Fire,2023-05-19 11:32:49,05/19/2023 11:48:29 AM,16,2,Mainz
Fire,2023-05-19 11:48:37,05/19/2023 11:51:35 AM,3,2,Sunderbans
Fire,2023-06-03 09:38:32,06/03/2023 09:50:24 AM,12,2,Krishnangiri
Fire,2023-06-10 10:02:11,06/10/2023 10:20:32 AM,19,2,Calgary
Fire,2023-06-12 14:32:46,06/12/2023 02:34:42 PM,2,2,Djibouti
Fire,2023-06-12 11:09:26,06/12/2023 11:12:07 AM,3,2,Djibouti
Fire,2023-06-12 11:50:40,06/12/2023 11:54:36 AM,4,2,Djibouti
Fire,2023-06-30 19:02:41,06/30/2023 07:24:13 PM,22,2,Djibouti
Fire,2023-07-13 20:01:32,07/13/2023 08:16:28 PM,15,2,Perth
Fire,2023-07-16 03:00:20,07/16/2023 03:11:01 AM,11,2,Mainz
Fire,2023-07-23 22:16:01,07/23/2023 10:27:03 PM,12,3,Jakarta
Fire,2023-07-27 13:01:24,07/27/2023 01:01:32 PM,1,2,Peru
Fire,2023-07-28 19:50:11,07/28/2023 07:54:56 PM,5,2,Calgary
Fire,2023-08-07 17:28:40,08/07/2023 05:44:24 PM,16,2,Calgary
Fire,2023-08-08 16:54:13,08/08/2023 05:42:29 PM,49,3,Djibouti
Fire,2023-08-21 11:00:06,08/21/2023 11:02:09 AM,3,2,Calgary
Fire,2023-08-21 11:56:15,08/21/2023 11:58:18 AM,3,2,Mainz
Fire,2023-08-22 08:22:48,08/22/2023 08:28:45 AM,6,2,Jakarta
Fire,2023-08-22 11:46:04,08/22/2023 12:33:37 PM,48,2,Jakarta
Fire,2023-08-23 15:30:36,08/23/2023 04:09:36 PM,39,2,Mainz
Fire,2023-08-25 08:07:58,08/25/2023 09:04:18 AM,57,2,Krishnangiri
Fire,2023-08-27 21:00:09,08/27/2023 09:19:47 PM,20,4,Krishnangiri
Fire,2023-09-01 17:02:41,09/01/2023 05:46:52 PM,45,2,Djibouti
Fire,2023-09-01 08:12:58,09/01/2023 08:40:13 AM,28,2,Perth
Fire,2023-09-05 16:31:06,09/05/2023 05:31:49 PM,61,3,Mainz
Fire,2023-09-06 17:34:30,09/06/2023 05:41:38 PM,8,2,Tonopah
Fire,2023-09-07 15:03:00,09/07/2023 03:23:05 PM,21,2,Sunderbans
Fire,2023-09-12 22:30:25,09/12/2023 11:33:26 PM,64,2,Perth
Fire,2023-09-18 01:58:54,09/18/2023 03:06:02 AM,68,4,Krishnangiri
Fire,2023-09-25 11:00:58,09/25/2023 11:10:09 AM,10,2,London
Fire,2023-09-25 11:29:57,09/25/2023 11:44:16 AM,15,2,Mainz
Fire,2023-09-26 13:55:40,09/26/2023 03:17:54 PM,83,40,Peru
Fire,2023-09-26 12:31:19,09/26/2023 12:42:07 PM,11,2,Perth
Fire,2023-09-27 12:39:43,09/27/2023 12:44:58 PM,6,3,Djibouti
Fire,2023-09-29 17:01:23,09/29/2023 05:20:50 PM,20,6,Calgary
Fire,2023-10-02 10:08:09,10/02/2023 10:31:39 AM,24,2,Krishnangiri
Fire,2023-10-03 16:57:14,10/03/2023 05:54:06 PM,57,8,Krishnangiri
Fire,2023-10-07 14:02:00,10/07/2023 02:06:48 PM,5,2,Calgary
Fire,2023-10-10 18:00:58,10/10/2023 06:41:54 PM,41,4,Jakarta
Fire,2023-10-30 20:59:58,10/30/2023 09:24:10 PM,25,2,Tonopah
Fire,2023-11-02 15:30:28,11/02/2023 03:49:23 PM,19,2,Jakarta
Fire,2023-11-02 16:00:07,11/02/2023 04:20:35 PM,21,2,Mainz
Fire,2023-11-03 11:32:53,11/03/2023 11:38:59 AM,7,3,Peru
Fire,2023-11-06 22:32:37,11/06/2023 11:08:53 PM,37,2,London
Fire,2023-11-07 19:09:30,11/07/2023 07:34:49 PM,26,3,Peru
Fire,2023-11-09 11:17:35,11/09/2023 11:41:06 AM,24,2,Perth
Fire,2023-11-10 17:00:02,11/10/2023 05:08:31 PM,9,2,Krishnangiri
Fire,2023-11-10 17:08:55,11/10/2023 05:09:31 PM,1,2,Jakarta
Fire,2023-11-19 18:31:00,11/19/2023 07:12:20 PM,42,2,Calgary
Fire,2023-11-27 21:30:45,11/27/2023 09:49:20 PM,19,2,Sunderbans
Fire,2023-11-29 17:24:09,11/29/2023 05:30:38 PM,7,2,Sunderbans
Fire,2023-11-29 05:41:12,11/29/2023 06:18:44 AM,38,3,Jakarta
Fire,2023-11-30 19:10:04,11/30/2023 07:42:26 PM,33,2,Djibouti
Fire,2023-12-01 15:25:05,12/01/2023 04:02:35 PM,38,2,Tonopah
Fire,2023-12-01 10:05:14,12/01/2023 10:34:10 AM,29,2,Calgary
Fire,2023-12-01 12:03:39,12/01/2023 12:24:43 PM,22,6,Peru
Fire,2023-12-04 17:21:17,12/04/2023 05:22:37 PM,2,2,Sunderbans
Fire,2023-12-05 22:31:52,12/05/2023 10:57:47 PM,26,2,Calgary
Fire,2023-12-08 14:31:39,12/08/2023 03:15:32 PM,44,3,Perth
Fire,2023-12-08 10:59:25,12/08/2023 11:12:41 AM,14,2,Djibouti
Fire,2023-12-10 09:01:11,12/10/2023 11:03:09 AM,122,5,Djibouti
Fire,2023-12-11 10:09:50,12/11/2023 10:27:00 AM,18,3,Krishnangiri
Fire,2023-12-13 16:26:25,12/13/2023 04:36:15 PM,10,3,Tonopah
Fire,2023-12-15 13:34:08,12/15/2023 02:00:42 PM,27,2,Djibouti
Fire,2023-12-15 10:30:16,12/15/2023 10:35:48 AM,6,2,London
Fire,2023-12-15 10:41:23,12/15/2023 10:44:12 AM,3,2,Mainz
Fire,2023-12-18 14:20:29,12/18/2023 02:31:36 PM,12,2,Tonopah
Fire,2023-12-18 15:35:50,12/18/2023 03:42:59 PM,8,2,London
Fire,2023-12-18 07:17:38,12/18/2023 08:05:27 AM,48,2,Mainz
Fire,2023-12-18 12:31:55,12/18/2023 12:55:25 PM,24,2,Jakarta
Fire,2023-12-21 08:30:26,12/21/2023 10:20:33 AM,111,2,Perth
Fire,2023-12-27 13:58:07,12/27/2023 02:24:49 PM,27,2,Perth
Fire,2023-12-28 10:16:30,12/28/2023 10:52:03 AM,36,2,London
Fire,2023-12-29 10:01:27,12/29/2023 10:14:23 AM,13,2,Djibouti
Earth,2023-12-27 09:29:38,12/27/2023 10:15:50 AM,47,6,Mainz
Earth,2023-01-31 09:56:40,01/31/2023 10:50:54 AM,55,35,Jakarta
Earth,2023-02-28 08:47:34,02/28/2023 11:13:52 AM,147,65,Mainz
Earth,2023-03-02 11:34:55,03/02/2023 11:46:34 AM,12,2,Sunderbans
Earth,2023-03-28 12:20:13,03/28/2023 02:28:49 PM,129,34,Djibouti
Earth,2023-04-25 08:51:42,04/25/2023 11:03:34 AM,132,33,Krishnangiri
Earth,2023-05-30 08:49:50,05/30/2023 11:06:30 AM,137,31,Mainz
Earth,2023-09-25 13:57:22,09/25/2023 03:01:02 PM,64,26,Krishnangiri
Earth,2023-09-25 15:01:12,09/25/2023 04:25:38 PM,85,14,London
Earth,2023-09-26 10:53:32,09/26/2023 11:59:06 AM,66,26,Peru
Earth,2023-09-27 09:30:18,09/27/2023 10:01:04 AM,31,4,London
Earth,2023-10-09 13:43:50,10/09/2023 02:53:35 PM,70,9,Djibouti
Earth,2023-10-30 13:41:02,10/30/2023 04:07:55 PM,147,30,Calgary
Earth,2023-10-31 13:48:22,10/31/2023 02:58:56 PM,71,10,Krishnangiri
Earth,2023-11-28 15:41:57,11/28/2023 05:23:36 PM,102,21,Perth
Earth,2023-12-04 14:07:51,12/04/2023 04:09:07 PM,122,16,Tonopah
Earth,2023-01-02 13:47:58,01/02/2023 02:41:11 PM,54,8,Djibouti
Earth,2023-01-02 14:58:28,01/02/2023 03:47:32 PM,50,4,Djibouti
Earth,2023-01-05 21:08:35,01/05/2023 09:44:14 PM,36,2,Calgary
Earth,2023-01-17 22:45:07,01/17/2023 11:15:23 PM,31,3,Calgary
Earth,2023-01-23 16:32:01,01/23/2023 04:37:57 PM,6,3,Sunderbans
Earth,2023-01-30 21:40:53,01/30/2023 10:25:08 PM,45,2,Jakarta
Earth,2023-02-06 08:46:37,02/06/2023 09:52:08 AM,66,2,London
Earth,2023-02-13 21:32:31,02/13/2023 10:24:36 PM,53,2,Sunderbans
Earth,2023-03-22 13:08:18,03/22/2023 02:06:33 PM,59,5,Peru
Earth,2023-03-22 09:00:32,03/22/2023 10:10:49 AM,71,2,Mainz
Earth,2023-03-29 08:30:50,03/29/2023 09:00:30 AM,30,2,Mainz
Earth,2023-04-05 08:52:18,04/05/2023 09:32:48 AM,41,2,Djibouti
Earth,2023-04-11 14:50:07,04/11/2023 04:05:18 PM,76,3,Djibouti
Earth,2023-04-19 22:01:36,04/19/2023 10:50:59 PM,50,2,Krishnangiri
Earth,2023-04-19 12:59:47,04/19/2023 01:17:28 PM,18,2,Mainz
Earth,2023-04-21 08:38:09,04/21/2023 08:49:24 AM,12,2,Perth
Earth,2023-05-03 08:34:17,05/03/2023 09:16:13 AM,42,7,Peru
Earth,2023-05-05 08:20:13,05/05/2023 08:25:26 AM,6,2,Jakarta
Earth,2023-05-17 13:02:26,05/17/2023 01:16:49 PM,15,2,Jakarta
Earth,2023-06-07 08:45:47,06/07/2023 09:34:25 AM,49,2,Tonopah
Earth,2023-06-14 08:28:40,06/14/2023 09:31:32 AM,63,2,Peru
Earth,2023-06-21 08:29:43,06/21/2023 08:58:49 AM,30,2,Perth
Earth,2023-06-21 22:07:39,06/21/2023 10:16:58 PM,10,2,Peru
Earth,2023-06-22 21:30:33,06/22/2023 10:26:39 PM,57,3,Tonopah
Earth,2023-07-19 08:46:51,07/19/2023 09:08:24 AM,22,3,Krishnangiri
Earth,2023-08-02 17:37:11,08/02/2023 05:40:27 PM,4,2,Calgary
Earth,2023-08-02 09:01:47,08/02/2023 09:09:52 AM,9,3,Jakarta
Earth,2023-08-16 08:48:09,08/16/2023 10:22:14 AM,95,3,Jakarta
Earth,2023-08-23 09:03:14,08/23/2023 09:28:45 AM,26,2,Perth
Earth,2023-09-04 08:52:32,09/04/2023 09:02:29 AM,10,2,Peru
Earth,2023-09-04 09:02:36,09/04/2023 10:21:24 AM,79,2,London
Earth,2023-09-13 12:28:01,09/13/2023 12:51:52 PM,24,2,Mainz
Earth,2023-09-27 08:45:59,09/27/2023 09:29:29 AM,44,2,Djibouti
Earth,2023-10-25 09:33:08,10/25/2023 10:59:00 AM,86,3,London
Earth,2023-12-04 23:20:37,12/05/2023 12:20:08 AM,60,2,Krishnangiri
Earth,2023-12-12 20:51:55,12/12/2023 09:20:49 PM,29,3,Mainz
Earth,2023-12-29 11:27:48,12/29/2023 11:36:58 AM,10,2,Calgary
Air,2024-01-02 10:06:43,01/02/2024 11:02:28 AM,56,3,Djibouti
Air,2023-05-19 15:02:01,05/19/2023 03:26:18 PM,25,3,Perth
Air,2023-05-19 16:11:10,05/19/2023 04:47:32 PM,37,2,Djibouti
Air,2023-05-23 19:53:23,05/23/2023 08:29:02 PM,36,2,Djibouti
Air,2023-05-25 15:01:08,05/25/2023 03:40:38 PM,40,5,Djibouti
Air,2023-06-05 22:06:17,06/05/2023 10:18:21 PM,13,2,Mainz
Air,2023-06-12 15:02:48,06/12/2023 03:17:08 PM,15,4,Jakarta
Air,2023-06-16 10:05:00,06/16/2023 11:09:57 AM,65,3,Calgary
Air,2023-06-16 12:04:19,06/16/2023 12:24:15 PM,20,2,Sunderbans
Air,2023-06-17 09:01:33,06/17/2023 09:18:20 AM,17,2,London
Air,2023-06-21 10:31:09,06/21/2023 10:51:19 AM,21,2,Peru
Air,2023-06-29 19:05:17,06/29/2023 07:58:29 PM,54,3,Tonopah
Air,2023-07-01 18:38:22,07/01/2023 08:03:22 PM,85,5,Jakarta
Air,2023-07-02 19:09:47,07/02/2023 07:31:59 PM,23,2,Tonopah
Air,2023-07-02 19:33:16,07/02/2023 08:25:01 PM,52,4,Calgary
Air,2023-07-04 09:27:32,07/04/2023 10:09:51 AM,43,3,Djibouti
Air,2023-07-05 18:36:05,07/05/2023 07:41:59 PM,66,2,Jakarta
Air,2023-07-05 09:39:11,07/05/2023 10:16:19 AM,38,5,Peru
Air,2023-07-06 18:02:47,07/06/2023 06:42:52 PM,41,3,Jakarta
Air,2023-07-06 09:58:55,07/06/2023 10:26:46 AM,28,2,Jakarta
Air,2023-07-06 10:59:00,07/06/2023 11:14:26 AM,16,2,London
Air,2023-07-07 09:04:50,07/07/2023 09:13:02 AM,9,3,Calgary
Air,2023-07-11 19:48:51,07/11/2023 08:05:00 PM,17,2,Peru
Air,2023-07-11 08:02:15,07/11/2023 08:40:23 AM,39,2,London
Air,2023-07-26 20:12:19,07/26/2023 08:33:26 PM,22,2,London
Air,2023-08-01 22:26:54,08/01/2023 10:44:07 PM,18,2,Djibouti
Air,2023-08-14 08:17:56,08/14/2023 08:44:28 AM,27,2,Tonopah
Air,2023-08-17 20:35:10,08/17/2023 09:05:27 PM,31,3,London
Air,2023-08-19 14:50:43,08/19/2023 04:16:01 PM,86,4,Tonopah
Air,2023-08-21 20:48:04,08/21/2023 08:59:45 PM,12,2,Mainz
Air,2023-08-26 13:30:17,08/26/2023 01:46:54 PM,17,4,Sunderbans
Air,2023-08-31 21:04:21,08/31/2023 09:24:49 PM,21,2,Calgary
Air,2023-08-31 21:55:18,08/31/2023 10:33:23 PM,39,2,Tonopah
Air,2023-09-07 19:47:05,09/07/2023 08:20:36 PM,34,2,Peru
Air,2023-09-13 21:15:43,09/13/2023 09:45:17 PM,30,2,London
Air,2023-09-14 21:08:31,09/14/2023 09:28:44 PM,21,3,London
Air,2023-09-28 19:01:19,09/28/2023 07:45:35 PM,45,2,Calgary
Air,2023-10-05 19:15:53,10/05/2023 08:04:57 PM,50,4,Tonopah
Air,2023-10-25 18:58:51,10/25/2023 07:11:30 PM,13,2,Perth
Air,2023-10-29 08:36:37,10/29/2023 08:49:23 AM,13,2,Perth
Air,2023-11-01 19:30:22,11/01/2023 09:01:10 PM,91,9,Peru
Air,2023-11-08 19:43:44,11/08/2023 08:24:19 PM,41,4,Mainz
Air,2023-11-15 19:30:36,11/15/2023 09:03:24 PM,93,3,Calgary
Air,2023-12-04 19:35:13,12/04/2023 07:48:45 PM,14,2,Peru
Air,2023-12-06 20:31:34,12/06/2023 09:22:52 PM,52,4,Krishnangiri
Air,2023-12-19 19:02:50,12/19/2023 08:04:38 PM,62,3,Tonopah
Air,2023-12-20 19:00:53,12/20/2023 08:07:59 PM,68,2,Peru
Air,2023-12-23 08:28:22,12/23/2023 09:25:32 AM,58,5,Jakarta
Air,2023-12-27 22:29:13,12/27/2023 11:35:23 PM,67,3,Jakarta
Air,2023-12-30 08:55:50,12/30/2023 10:21:42 AM,86,5,London
Fire,2023-12-28 15:33:47,12/28/2023 04:21:37 PM,48,2,Mainz
Fire,2024-01-01 21:03:10,01/01/2024 09:32:08 PM,29,2,Mainz
Fire,2023-01-03 08:59:51,01/03/2023 09:40:34 AM,41,3,Perth
Fire,2023-01-05 20:30:19,01/05/2023 09:03:44 PM,34,3,Djibouti
Fire,2024-01-06 17:46:33,01/06/2024 06:23:20 PM,37,2,Krishnangiri
Fire,2024-01-09 11:58:28,01/09/2024 12:53:36 PM,56,3,Perth
Fire,2024-01-10 11:23:09,01/10/2024 12:36:06 PM,73,8,Djibouti
Fire,2023-01-12 20:01:27,01/12/2023 08:52:44 PM,52,4,Peru
Fire,2023-01-16 21:30:47,01/16/2023 10:18:17 PM,48,2,Jakarta
Fire,2023-01-17 18:24:52,01/17/2023 07:25:46 PM,61,3,Djibouti
Fire,2023-01-20 16:53:25,01/20/2023 05:15:24 PM,22,2,Calgary
Fire,2023-01-23 21:36:58,01/23/2023 10:07:28 PM,31,3,Calgary
Fire,2023-01-24 09:00:30,01/24/2023 09:32:21 AM,32,4,Krishnangiri
Fire,2023-01-24 11:13:40,01/24/2023 11:50:17 AM,37,4,Djibouti
Fire,2023-01-25 10:30:42,01/25/2023 11:06:21 AM,36,4,Perth
Fire,2023-01-26 21:00:01,01/26/2023 09:19:13 PM,20,4,Mainz
Fire,2023-01-29 17:01:19,01/29/2023 05:20:04 PM,19,2,London
Fire,2023-01-30 17:54:16,01/30/2023 06:26:33 PM,33,2,London
Fire,2023-02-01 18:42:47,02/01/2023 07:11:40 PM,29,2,Tonopah
Fire,2023-02-06 10:00:31,02/06/2023 10:26:38 AM,27,2,Djibouti
Fire,2023-02-07 08:59:06,02/07/2023 09:53:27 AM,55,4,Tonopah
Fire,2023-02-07 21:30:33,02/07/2023 10:09:58 PM,40,5,Mainz
Fire,2023-02-07 11:42:54,02/07/2023 11:52:00 AM,10,4,Mainz
Fire,2023-02-17 16:22:02,02/17/2023 04:36:36 PM,15,2,Djibouti
Fire,2023-02-23 21:26:01,02/23/2023 09:59:53 PM,34,4,Peru
Fire,2023-02-28 22:01:43,02/28/2023 10:26:42 PM,25,2,Djibouti
Fire,2023-03-07 08:59:30,03/07/2023 09:44:39 AM,46,4,Peru
Fire,2023-03-14 19:08:22,03/14/2023 07:50:17 PM,42,2,Perth
Fire,2023-03-20 16:48:29,03/20/2023 05:20:05 PM,32,3,Sunderbans
Fire,2023-03-21 08:59:18,03/21/2023 09:11:22 AM,13,2,Djibouti
Fire,2023-03-23 21:30:12,03/23/2023 10:23:54 PM,54,5,Jakarta
Fire,2023-03-27 21:34:39,03/27/2023 09:49:22 PM,15,3,Jakarta
Fire,2023-03-30 21:31:37,03/30/2023 10:29:13 PM,58,4,London
Fire,2023-04-04 16:58:16,04/04/2023 06:02:56 PM,65,4,Krishnangiri
Fire,2023-04-09 12:30:23,04/09/2023 02:44:32 PM,135,3,Tonopah
Fire,2023-04-11 09:32:26,04/11/2023 09:48:06 AM,16,3,Djibouti
Fire,2023-04-11 11:33:06,04/11/2023 12:14:06 PM,42,3,Mainz
Fire,2023-04-18 21:57:29,04/18/2023 10:35:01 PM,38,2,Perth
Fire,2023-04-18 11:16:20,04/18/2023 12:47:53 PM,92,4,Peru
Fire,2023-04-20 11:18:00,04/20/2023 01:04:02 PM,107,4,Peru
Fire,2023-04-24 21:27:14,04/24/2023 09:52:25 PM,26,2,Jakarta
Fire,2023-04-25 11:28:21,04/25/2023 12:26:05 PM,58,5,Perth
Fire,2023-04-27 15:59:29,04/27/2023 05:38:58 PM,100,3,Sunderbans
Fire,2023-05-01 21:28:57,05/01/2023 10:03:29 PM,35,2,Peru
Fire,2023-05-02 15:31:15,05/02/2023 04:59:41 PM,89,5,Sunderbans
Fire,2023-05-02 21:51:49,05/02/2023 10:22:57 PM,32,2,Mainz
Fire,2023-05-04 15:01:20,05/04/2023 04:11:45 PM,71,2,Perth
Fire,2023-05-04 17:30:38,05/04/2023 06:27:57 PM,58,2,Krishnangiri
Fire,2023-05-05 11:36:03,05/05/2023 12:54:19 PM,79,6,Peru
Fire,2023-05-08 21:03:15,05/08/2023 09:13:52 PM,11,2,Krishnangiri
Fire,2023-05-09 17:00:51,05/09/2023 06:31:44 PM,91,4,Jakarta
Fire,2023-05-09 11:55:35,05/09/2023 12:55:34 PM,60,7,Djibouti
Fire,2023-05-11 17:01:13,05/11/2023 06:54:38 PM,114,6,Mainz
Fire,2023-05-14 16:56:56,05/14/2023 07:05:44 PM,129,3,Calgary
Fire,2023-05-15 17:00:43,05/15/2023 05:20:06 PM,20,2,Sunderbans
Fire,2023-05-17 15:59:35,05/17/2023 05:08:12 PM,69,7,Peru
Fire,2023-05-17 19:27:44,05/17/2023 08:53:30 PM,86,4,London
Fire,2023-05-19 12:29:23,05/19/2023 12:50:36 PM,22,2,Jakarta
Fire,2023-05-20 08:59:09,05/20/2023 09:11:12 AM,13,2,Krishnangiri
Fire,2023-05-20 10:00:42,05/20/2023 10:48:35 AM,48,4,Jakarta
Fire,2023-05-22 17:00:01,05/22/2023 06:01:38 PM,62,10,Perth
Fire,2023-05-23 15:57:28,05/23/2023 04:12:30 PM,16,2,London
Fire,2023-05-23 17:00:29,05/23/2023 06:04:34 PM,65,5,Peru
Fire,2023-05-23 18:06:38,05/23/2023 06:17:20 PM,11,2,Jakarta
Fire,2023-05-24 16:20:41,05/24/2023 05:56:50 PM,97,6,Calgary
Fire,2023-05-25 17:50:30,05/25/2023 06:10:03 PM,20,3,Krishnangiri
Fire,2023-05-25 18:11:15,05/25/2023 06:25:34 PM,15,3,Mainz
Fire,2023-05-25 10:02:19,05/25/2023 11:22:40 AM,81,5,London
Fire,2023-05-26 16:22:41,05/26/2023 04:32:31 PM,10,2,London
Fire,2023-05-26 16:59:35,05/26/2023 06:24:50 PM,86,7,Tonopah
Fire,2023-05-27 17:01:02,05/27/2023 06:15:13 PM,75,3,Krishnangiri
Fire,2023-05-28 21:16:51,05/28/2023 10:12:04 PM,56,4,Jakarta
Fire,2023-05-29 07:46:26,05/29/2023 08:06:39 AM,21,2,Mainz
Fire,2023-06-09 09:53:40,06/09/2023 10:59:41 AM,66,8,Calgary
Fire,2023-06-14 09:31:38,06/14/2023 10:27:43 AM,57,14,London
Fire,2023-06-15 20:02:13,06/15/2023 08:26:41 PM,25,3,Krishnangiri
Fire,2023-06-21 09:25:19,06/21/2023 10:16:42 AM,52,10,Sunderbans
Fire,2023-06-22 10:06:23,06/22/2023 10:28:41 AM,23,3,Sunderbans
Fire,2023-07-09 19:46:46,07/09/2023 08:22:02 PM,36,2,Sunderbans
Fire,2023-07-10 10:01:05,07/10/2023 10:09:19 AM,9,3,Sunderbans
Fire,2023-07-11 09:27:04,07/11/2023 10:28:33 AM,62,9,Djibouti
Fire,2023-07-13 10:01:11,07/13/2023 10:47:08 AM,46,2,Calgary
Fire,2023-07-14 09:59:20,07/14/2023 10:16:12 AM,17,2,Sunderbans
Fire,2023-07-19 03:19:47,07/19/2023 03:37:49 AM,19,2,Calgary
Fire,2023-07-24 12:02:23,07/24/2023 12:14:46 PM,13,2,Sunderbans
Fire,2023-07-25 16:19:24,07/25/2023 04:51:15 PM,32,2,Jakarta
Fire,2023-07-26 18:00:40,07/26/2023 07:16:20 PM,76,3,Djibouti
Fire,2023-07-26 09:24:42,07/26/2023 10:12:11 AM,48,12,Mainz
Fire,2023-07-27 10:01:20,07/27/2023 10:31:56 AM,31,3,Djibouti
Fire,2023-07-31 15:59:17,07/31/2023 04:03:58 PM,5,2,Djibouti
Fire,2023-07-31 21:05:36,07/31/2023 09:34:48 PM,30,3,Calgary
Fire,2023-08-01 20:29:55,08/01/2023 09:03:58 PM,35,6,Krishnangiri
Fire,2023-08-01 10:06:37,08/01/2023 10:36:53 AM,31,2,Perth
Fire,2023-08-02 09:26:17,08/02/2023 10:31:24 AM,66,4,Mainz
Fire,2023-08-03 19:57:50,08/03/2023 08:28:08 PM,31,3,Krishnangiri
Fire,2023-08-03 08:25:22,08/03/2023 09:00:28 AM,36,2,Sunderbans
Fire,2023-08-09 15:00:09,08/09/2023 04:15:52 PM,76,5,Djibouti
Fire,2023-08-10 20:01:49,08/10/2023 08:49:26 PM,48,4,Krishnangiri
Fire,2023-08-14 21:27:34,08/14/2023 09:55:15 PM,28,3,Djibouti
Fire,2023-08-16 14:59:40,08/16/2023 04:07:58 PM,69,5,Jakarta
Fire,2023-08-16 10:22:27,08/16/2023 10:47:15 AM,25,5,Sunderbans
Fire,2023-08-21 21:22:49,08/21/2023 09:53:08 PM,31,2,London
Fire,2023-08-23 14:30:37,08/23/2023 03:27:10 PM,57,2,London
Fire,2023-08-23 09:28:55,08/23/2023 10:21:52 AM,53,6,Perth
Fire,2023-08-24 20:00:27,08/24/2023 08:58:06 PM,58,5,Jakarta
Fire,2023-08-30 16:31:50,08/30/2023 05:07:52 PM,37,3,Calgary
Fire,2023-08-30 09:29:18,08/30/2023 10:46:32 AM,78,12,Mainz
Fire,2023-08-30 21:57:57,08/30/2023 10:59:12 PM,62,4,Tonopah
Water,2023-09-04 20:56:23,09/04/2023 09:50:00 PM,54,5,Tonopah
Water,2023-09-04 22:03:52,09/04/2023 10:19:23 PM,16,3,Djibouti
Water,2023-09-07 20:29:37,09/07/2023 09:01:05 PM,32,2,Peru
Water,2023-09-07 21:31:43,09/07/2023 10:19:11 PM,48,6,Calgary
Water,2023-09-08 07:57:31,09/08/2023 08:36:20 AM,39,2,Sunderbans
Water,2023-09-08 12:29:20,09/08/2023 01:02:57 PM,34,7,Sunderbans
Water,2023-09-09 09:04:59,09/09/2023 09:53:17 AM,49,2,Mainz
Water,2023-09-11 20:57:50,09/11/2023 09:57:30 PM,60,6,Tonopah
Water,2023-09-12 20:01:03,09/12/2023 08:21:23 PM,21,3,Krishnangiri
Water,2023-09-13 14:58:03,09/13/2023 03:45:53 PM,48,12,Sunderbans
Water,2023-09-13 17:00:23,09/13/2023 05:41:05 PM,41,3,Mainz
Water,2023-09-13 18:13:30,09/13/2023 06:46:13 PM,33,3,Sunderbans
Water,2023-09-13 21:01:27,09/13/2023 09:12:12 PM,11,2,Peru
Water,2023-09-13 09:28:22,09/13/2023 10:31:53 AM,64,5,London
Water,2023-09-13 22:00:14,09/13/2023 10:45:08 PM,45,4,Sunderbans
Water,2023-09-14 15:31:27,09/14/2023 07:18:53 PM,228,5,Krishnangiri
Water,2023-09-14 08:58:25,09/14/2023 09:36:32 AM,39,3,London
Water,2023-09-14 21:55:46,09/14/2023 10:37:12 PM,42,7,Krishnangiri
Water,2023-09-15 17:19:07,09/15/2023 05:50:40 PM,32,6,Jakarta
Water,2023-09-25 21:30:09,09/25/2023 10:03:32 PM,34,2,London
Water,2023-09-27 15:01:29,09/27/2023 04:09:42 PM,69,5,Peru
Water,2023-09-27 10:30:09,09/27/2023 11:27:56 AM,58,9,Peru
Water,2023-09-28 19:57:54,09/28/2023 08:56:06 PM,59,5,London
Water,2023-10-02 17:28:28,10/02/2023 05:40:38 PM,13,2,Calgary
Water,2023-10-02 21:32:49,10/02/2023 09:43:23 PM,11,2,Mainz
Water,2023-10-03 18:30:52,10/03/2023 07:22:03 PM,52,4,Calgary
Water,2023-10-03 11:30:46,10/03/2023 11:57:59 AM,28,2,Perth
Water,2023-10-04 10:32:01,10/04/2023 11:46:37 AM,75,5,Perth
Water,2023-10-05 20:05:13,10/05/2023 08:18:57 PM,14,2,Sunderbans
Water,2023-10-06 07:54:08,10/06/2023 09:31:06 AM,97,5,Perth
Water,2023-10-09 21:32:08,10/09/2023 10:12:32 PM,41,2,Sunderbans
Water,2023-10-11 15:14:25,10/11/2023 04:18:06 PM,64,4,Tonopah
Water,2023-10-25 15:01:02,10/25/2023 04:16:15 PM,76,5,Djibouti
Water,2023-10-25 19:19:34,10/25/2023 08:11:27 PM,52,2,Sunderbans
Water,2023-10-25 10:59:08,10/25/2023 11:47:57 AM,49,9,Peru
Water,2023-10-30 21:30:30,10/30/2023 09:45:14 PM,15,2,Jakarta
Water,2023-11-06 13:29:42,11/06/2023 02:15:15 PM,46,3,Mainz
Water,2023-11-08 14:34:36,11/08/2023 04:09:31 PM,95,7,Tonopah
Water,2023-11-14 22:00:13,11/14/2023 10:38:55 PM,39,2,Sunderbans
Water,2023-11-20 08:31:56,11/20/2023 08:58:41 AM,27,3,Tonopah
Water,2023-11-20 21:36:34,11/20/2023 10:36:17 PM,60,6,Perth
Water,2023-11-22 16:00:34,11/22/2023 05:05:18 PM,65,6,Sunderbans
Water,2023-11-22 11:01:31,11/22/2023 12:34:57 PM,94,9,London
Water,2023-11-25 12:00:43,11/25/2023 12:10:42 PM,10,2,London
Water,2023-11-27 13:29:16,11/27/2023 02:05:30 PM,37,3,Perth
Water,2023-11-29 11:14:55,11/29/2023 01:23:25 PM,129,5,Peru
Water,2023-11-30 08:32:26,11/30/2023 08:49:29 AM,18,2,Djibouti
Fire,2023-12-03 21:57:56,12/03/2023 11:12:11 PM,75,4,Peru
Fire,2023-12-04 18:05:40,12/04/2023 07:29:33 PM,84,3,Tonopah
Fire,2023-12-04 20:10:32,12/04/2023 08:22:40 PM,13,2,Jakarta
Fire,2023-12-04 21:32:05,12/04/2023 10:03:38 PM,32,2,Sunderbans
Earth,2023-12-05 13:56:52,12/05/2023 02:08:40 PM,12,2,Jakarta
Earth,2023-12-06 17:01:00,12/06/2023 06:11:43 PM,71,6,Peru
Earth,2023-12-06 11:12:08,12/06/2023 01:00:27 PM,109,6,Sunderbans
Earth,2023-12-07 13:02:14,12/07/2023 01:20:17 PM,19,4,Calgary
Earth,2023-12-07 13:24:36,12/07/2023 01:47:55 PM,24,2,Tonopah
Earth,2023-12-07 21:29:59,12/07/2023 09:43:56 PM,14,5,London
Earth,2023-12-08 08:32:23,12/08/2023 08:42:43 AM,11,2,Calgary
Earth,2023-12-08 09:29:26,12/08/2023 09:34:29 AM,6,2,London
Earth,2023-12-11 21:31:33,12/11/2023 09:54:18 PM,23,2,Tonopah
Earth,2023-12-12 13:30:18,12/12/2023 01:52:38 PM,23,4,Tonopah
Earth,2023-12-14 08:31:01,12/14/2023 08:51:33 AM,21,2,London
Earth,2023-12-18 20:30:15,12/18/2023 10:34:16 PM,125,2,Mainz
Earth,2023-12-20 11:13:58,12/20/2023 12:47:06 PM,94,9,Peru
Earth,2023-12-22 20:03:42,12/22/2023 08:18:34 PM,15,3,Tonopah
Earth,2023-12-27 20:31:01,12/27/2023 09:42:40 PM,72,2,Mainz
Earth,2023-12-27 21:44:44,12/27/2023 10:10:52 PM,27,2,Krishnangiri
Earth,2023-12-27 22:11:07,12/27/2023 10:22:11 PM,12,2,Sunderbans
Earth,2023-12-27 10:59:08,12/27/2023 12:03:13 PM,65,5,Tonopah
